id,name,leave.total.votes,remain.total.votes,leave.top.party,remain.top.party,leave.ideal.case,remain.ideal.case,leave.practical.case,remain.practical.case,leave.16
W07000049,Aberavon,27.64013577387939,55.59115566411826,ukip,lab,lab,lab,NA,NA,60.12448399
W07000058,Aberconwy,53.00517447260182,35.266020963247975,con,lab,con,con,NA,NA,52.197117309999996
S14000001,Aberdeen North,12.0721048798252,61.09568463219228,con,snp,snp,snp,NA,NA,43.09220874
S14000002,Aberdeen South,24.683322691602644,75.03038042470804,con,snp,snp,snp,NA,NA,32.1431052
S14000058,Aberdeenshire West & Kincardine,30.65801869700703,69.08652800927604,con,snp,snp,snp,NA,NA,38.51948274
S14000003,Airdrie & Shotts,10.109289617486338,89.58361558957684,con,snp,snp,snp,NA,NA,39.83812657
E14000530,Aldershot,68.45922365828841,31.54077634171159,con,lab,con,con,NA,NA,57.89776574
E14000531,Aldridge-Brownhills,71.67379800997544,27.827429931387194,con,lab,con,con,NA,NA,67.79634958
E14000532,Altrincham & Sale West,61.005206168220596,38.9947938317794,con,lab,con,con,NA,NA,38.58779999
W07000043,Alyn & Deeside,49.51590259960304,46.5919543012054,con,lab,con,lab,NA,NA,58.053368750000004
E14000533,Amber Valley,59.86613294835619,40.13386705164381,con,lab,con,lab,NA,NA,65.29912472
S14000004,Angus,32.04450938518602,67.95549061481398,con,snp,snp,snp,NA,NA,48.2443342
N06000005,Antrim East,12.565304355613936,0,ukip,green,ukip,ukip,NA,NA,NA
N06000012,Antrim North,4.078077648125611,0,ukip,green,ukip,green,NA,NA,NA
N06000014,Antrim South,1.1362702954302768,0,con,green,con,green,NA,NA,NA
W07000057,Arfon,21.604501248276634,32.9395983157581,con,lab,lab,lab,NA,NA,35.845442979999994
S14000005,Argyll & Bute,17.431528631729083,82.56847136827092,con,snp,snp,snp,NA,NA,39.43239691
E14000534,Arundel & South Downs,75.22531295925775,24.77468704074225,con,lab,con,con,NA,NA,49.70110581
E14000535,Ashfield,43.82712143263937,55.850155033854335,con,lab,con,lab,NA,NA,70.47288884
E14000536,Ashford,71.27518650212647,28.724813497873527,con,lab,con,con,NA,NA,59.861947439999994
E14000537,Ashton Under Lyne,43.882008325196566,56.117991674803434,con,lab,lab,lab,NA,NA,61.80980255
E14000538,Aylesbury,70.38741225933344,29.61258774066656,con,lab,con,con,NA,NA,51.787909840000005
S14000006,"Ayr, Carrick & Cumnock",22.285429715183206,77.71457028481679,con,snp,snp,snp,NA,NA,44.11155085
S14000010,Ayrshire Central,17.337613739315398,82.6623862606846,con,snp,snp,snp,NA,NA,41.62213279
S14000048,Ayrshire North & Arran,17.197274870519223,82.80272512948078,con,snp,snp,snp,NA,NA,42.396587540000006
E14000539,Banbury,66.88560198593296,31.857674803475383,con,lab,con,con,NA,NA,50.34779774
S14000007,Banff & Buchan,28.815007999298693,71.1849920007013,con,snp,snp,snp,NA,NA,61.37734628
E14000540,Barking,38.50514625589554,61.06967774912293,ukip,lab,lab,lab,NA,NA,59.974879560000005
E14000541,Barnsley Central,36.723194748358864,60.40481400437636,ukip,lab,lab,lab,NA,NA,68.18813044000001
E14000542,Barnsley East,38.07928966430407,57.88612820313108,ukip,lab,lab,lab,NA,NA,70.98499348
E14000543,Barrow & Furness,52.21259387637204,5.153090699017909,con,ld,con,con,NA,NA,57.27870645000001
E14000544,Basildon & Billericay,72.52486752812122,27.475132471878773,con,lab,con,con,NA,NA,67.13587731
E14000933,Basildon South & Thurrock East,69.93398109358893,28.18195775667317,con,lab,con,con,NA,NA,72.99557169
E14000545,Basingstoke,64.1702464390685,35.09118999171,con,lab,con,con,NA,NA,53.59878197
E14000546,Bassetlaw,46.63718070969182,53.36281929030818,con,lab,con,lab,NA,NA,68.32275495
E14000547,Bath,44.003222592066486,54.805266393877076,con,ld,con,ld,NA,NA,31.72454892
E14000548,Batley & Spen,49.22641098278493,50.42492917847026,con,lab,con,lab,NA,NA,59.628397629999995
E14000549,Battersea,55.487840724265645,44.51215927573436,con,lab,con,con,NA,NA,22.04674055
E14000550,Beaconsfield,76.99151665632112,23.008483343678876,con,lab,con,con,NA,NA,49.00626733
E14000551,Beckenham,69.79693871278405,30.20306128721595,con,lab,con,con,NA,NA,48.38170491
E14000552,Bedford,52.20457405719741,47.51551447294189,con,lab,con,lab,con,lab,51.94916653
E14000813,Bedfordshire Mid,71.49500516706854,27.337237340682055,con,lab,con,con,NA,NA,52.880453630000005
E14000841,Bedfordshire North East,74.08985546768476,25.910144532315243,con,lab,con,con,NA,NA,53.437605489999996
E14000949,Bedfordshire South West,70.46818961484485,29.531810385155154,con,lab,con,con,NA,NA,58.0834155
N06000001,Belfast East,2.8249584194345045,2.66619626026914,con,green,con,green,NA,NA,NA
N06000002,Belfast North,0,0,con,green,con,green,NA,NA,NA
N06000003,Belfast South,6.3711271401801985,5.744795543804708,ukip,green,ukip,green,NA,NA,NA
N06000004,Belfast West,2.261598120524215,0,ukip,green,ukip,green,NA,NA,NA
E14000553,Bermondsey & Old Southwark,18.09466397013068,81.33556316116989,con,lab,lab,lab,NA,NA,26.05032728
E14000554,Berwick-Upon-Tweed,52.23758751205997,47.54471464265393,con,ld,con,ld,NA,NA,55.297815400000005
S14000008,"Berwickshire, Roxburgh & Selkirk",38.39710745303245,61.35760747120171,con,snp,con,snp,NA,NA,43.25868135
E14000555,Bethnal Green & Bow,21.330587257199,74.99055249036354,con,lab,lab,lab,NA,NA,30.85839516
E14000556,Beverley & Holderness,64.8423410596655,33.90853693262714,con,lab,con,con,NA,NA,58.739475559999995
E14000557,Bexhill & Battle,73.19171284725995,26.80828715274005,con,lab,con,con,NA,NA,57.721214610000004
E14000558,Bexleyheath & Crayford,68.27286253862881,31.38148105757125,con,lab,con,con,NA,NA,65.25513745
E14000559,Birkenhead,24.66278356836297,75.33721643163703,con,lab,lab,lab,NA,NA,51.707606500000004
E14000560,Birmingham Edgbaston,48.35202092364324,51.032862712808466,con,lab,con,lab,con,lab,47.34707048
E14000561,Birmingham Erdington,48.249913504786065,51.13885365009803,con,lab,con,lab,NA,NA,62.97289172
E14000562,Birmingham Hall Green,22.233558644730692,76.10848956340602,con,lab,lab,lab,NA,NA,33.56875091
E14000563,Birmingham Hodge Hill,22.802699870854553,76.82448402738858,con,lab,lab,lab,NA,NA,51.48416727
E14000564,Birmingham Ladywood,17.76645506181089,81.6321416638824,con,lab,lab,lab,NA,NA,35.62267156
E14000565,Birmingham Northfield,52.44812887119946,47.55187112880055,con,lab,con,lab,NA,NA,61.788245100000005
E14000566,Birmingham Perry Barr,33.691226369365005,65.50654386815317,con,lab,lab,lab,NA,NA,51.21731706
E14000567,Birmingham Selly Oak,41.70971872654215,58.29028127345785,con,lab,lab,lab,NA,NA,46.90743133
E14000568,Birmingham Yardley,30.12563485699011,68.9193458239168,ukip,lab,lab,lab,NA,NA,60.094807630000005
E14000569,Bishop Auckland,50.30338419355657,49.696615806443425,con,lab,con,lab,NA,NA,60.88597515000001
E14000570,Blackburn,41.55094433964409,58.449055660355924,con,lab,lab,lab,NA,NA,53.729257249999996
E14000571,Blackley & Broughton,31.49655098081483,68.50344901918517,ukip,lab,lab,lab,NA,NA,50.039203789999995
E14000572,Blackpool North & Cleveleys,59.22625847231741,40.62904576955296,con,lab,con,lab,NA,NA,66.91034244000001
E14000573,Blackpool South,51.103711925021585,46.651868294487606,con,lab,con,lab,NA,NA,67.81412457
W07000072,Blaenau Gwent,28.70940251870088,62.29839346021526,ukip,lab,lab,lab,NA,NA,62.02804437
E14000574,Blaydon,34.94080470001781,65.05919529998219,ukip,lab,lab,lab,NA,NA,56.12462434
E14000575,Blyth Valley,44.01861626062765,55.981383739372355,ukip,lab,ukip,lab,NA,NA,60.494853260000006
E14000576,Bognor Regis & Littlehampton,73.06647423380593,26.933525766194073,con,lab,con,con,NA,NA,64.79230497
E14000577,Bolsover,45.43842901950089,54.56157098049911,con,lab,lab,lab,NA,NA,70.3942464
E14000578,Bolton North East,51.6229929797734,48.37700702022659,con,lab,con,lab,NA,NA,58.11275967
E14000579,Bolton South East,43.97319784993741,56.02680215006258,ukip,lab,lab,lab,NA,NA,63.0276743
E14000580,Bolton West,55.91866973987487,42.99061573921633,con,lab,con,lab,NA,NA,55.55402654
E14000581,Bootle,18.944897236002834,79.94773210489015,ukip,lab,lab,lab,NA,NA,54.79967454
E14000582,Boston & Skegness,77.58831537414338,20.667297353423013,con,lab,con,con,NA,NA,75.64987141
E14000583,Bosworth,60.2385129334478,39.7614870665522,con,ld,con,ld,NA,NA,60.829363859999994
E14000584,Bournemouth East,65.72155174336895,32.26403729894929,con,lab,con,con,NA,NA,53.69069461
E14000585,Bournemouth West,66.78955306058937,32.97345175113111,con,lab,con,con,NA,NA,57.73176661
E14000586,Bracknell,71.47835587537203,28.52164412462796,con,lab,con,con,NA,NA,53.2448746
E14000587,Bradford East,21.216731874607543,78.27609525189585,con,lab,lab,lab,NA,NA,55.15782934
E14000588,Bradford South,50.359042553191486,49.640957446808514,con,lab,con,lab,NA,NA,63.56121775
E14000589,Bradford West,23.08265078183172,55.18739141226111,con,lab,lab,lab,NA,NA,46.74085444
E14000590,Braintree,72.65278523556668,26.545751049062307,con,lab,con,con,NA,NA,61.51564016
W07000068,Brecon & Radnorshire,49.386135649049265,46.20452163497529,con,ld,con,ld,con,ld,51.85508645
E14000591,Brent Central,24.274961728185065,74.55562170437149,con,lab,lab,lab,NA,NA,42.88758826
E14000592,Brent North,37.4097827127405,62.2130755240739,con,lab,lab,lab,NA,NA,42.61175105
E14000593,Brentford & Isleworth,48.5293348443902,51.4706651556098,con,lab,con,lab,NA,NA,43.30890315
E14000594,Brentwood & Ongar,75.64599109775132,24.020656299978807,con,lab,con,con,NA,NA,61.18928689999999
W07000073,Bridgend,47.164981116771855,43.10952272324031,con,lab,con,lab,con,lab,50.27662392
E14000595,Bridgwater & Somerset West,65.12204529175162,34.87795470824839,con,lab,con,con,NA,NA,62.06398322
E14000596,Brigg & Goole,68.50011555350127,31.081580771897393,con,lab,con,con,NA,NA,66.22691693
E14000597,Brighton Kemptown,50.48779411115525,49.1987816183287,con,lab,con,lab,NA,NA,43.5923134
E14000598,Brighton Pavilion,27.748920915941184,71.87797205355183,con,green,green,green,NA,NA,25.9335501
E14000599,Bristol East,46.13420466102612,53.37026377859044,con,lab,con,lab,con,lab,46.795271830000004
E14000600,Bristol North West,53.38480841617604,46.30634108676769,con,lab,con,lab,NA,NA,38.85281199
E14000601,Bristol South,40.8284489201841,58.57755399079501,con,lab,con,lab,con,lab,47.95283789
E14000602,Bristol West,18.206733314646982,81.33233672802018,con,lab,lab,lab,NA,NA,20.71150843
E14000603,Broadland,67.22484883874249,32.77515116125751,con,lab,con,con,NA,NA,54.10084801
E14000604,Bromley & Chislehurst,67.23551037080742,32.764489629192575,con,lab,con,con,NA,NA,49.82886934
E14000605,Bromsgrove,69.4726768111781,30.527323188821896,con,lab,con,con,NA,NA,55.36512794
E14000606,Broxbourne,75.76699113505997,24.233008864940032,con,lab,con,con,NA,NA,65.53477318
E14000607,Broxtowe,55.83270958083832,44.049401197604794,con,lab,con,lab,con,lab,52.5137019
E14000608,Buckingham,21.744393950681665,13.782313938761826,ukip,green,ukip,ukip,NA,NA,48.87086722
E14000609,Burnley,30.790519800734668,69.20948019926534,ukip,lab,lab,lab,NA,NA,66.61279897
E14000610,Burton,67.45211745007555,32.54788254992445,con,lab,con,con,NA,NA,64.79315747999999
E14000611,Bury North,54.31129781118726,45.688702188812734,con,lab,con,lab,con,lab,53.66703123999999
E14000612,Bury South,47.96992481203008,51.670020120724345,con,lab,con,lab,con,lab,54.51175263
E14000613,Bury St Edmunds,68.34060767428929,31.659392325710726,con,lab,con,con,NA,NA,53.99247144
W07000076,Caerphilly,35.93078966313333,48.993371893851005,ukip,lab,lab,lab,NA,NA,55.135971299999994
S14000009,"Caithness, Sutherland & Easter Ross",9.673550576259288,90.32644942374071,con,snp,snp,snp,NA,NA,51.339391
E14000614,Calder Valley,54.73188771222054,44.233391232886945,con,lab,con,lab,con,lab,53.16421306
E14000615,Camberwell & Peckham,17.848761660945286,78.3169449777933,con,lab,lab,lab,NA,NA,31.481770320000003
E14000616,Camborne & Redruth,55.001308101508684,43.0430801430191,con,lab,con,lab,NA,NA,58.41285279
E14000617,Cambridge,20.830918994089696,78.80789585506238,con,lab,lab,lab,NA,NA,26.225273100000003
E14000842,Cambridgeshire North East,77.58594051757436,22.414059482425646,con,lab,con,con,NA,NA,69.3543227
E14000855,Cambridgeshire North West,72.57774140752863,27.111292962356792,con,lab,con,con,NA,NA,56.934097019999996
E14000934,Cambridgeshire South,60.87747806304843,39.12252193695158,con,lab,con,con,NA,NA,38.4889637
E14000937,Cambridgeshire South East,59.55365845460962,40.44634154539038,con,ld,con,con,NA,NA,45.304818759999996
E14000618,Cannock Chase,61.64674409223126,38.35325590776874,con,lab,con,con,NA,NA,68.86035313
E14000619,Canterbury,56.49864397269241,43.19274291592631,con,lab,con,lab,con,lab,45.32740482
W07000050,Cardiff Central,21.148372405941107,73.49790405216581,con,lab,lab,lab,NA,NA,32.014578449999995
W07000051,Cardiff North,50.16910715333034,44.53285370764989,con,lab,con,lab,NA,NA,39.14785439
W07000080,Cardiff South & Penarth,40.57685302247841,8.708509224934108,con,ld,con,con,NA,NA,42.81719786
W07000079,Cardiff West,36.39249177932042,49.26927292656193,con,lab,con,lab,NA,NA,43.8226362
E14000620,Carlisle,56.707445934205275,42.99668913048583,con,lab,con,lab,NA,NA,60.6437746
W07000067,Carmarthen East & Dinefwr,32.23178253255159,29.340846214370924,con,lab,con,lab,con,lab,53.20823588
W07000066,Carmarthen West & Pembrokeshire South,55.325898389095414,34.26270136307311,con,lab,con,con,NA,NA,55.16311742
E14000621,Carshalton & Wallington,46.50410602146472,53.021233696679474,con,ld,con,ld,NA,NA,56.26121404
E14000622,Castle Point,82.04620462046205,17.95379537953795,con,lab,con,con,NA,NA,72.69939242
W07000064,Ceredigion,21.252939918751338,51.09311524481505,con,ld,ld,ld,NA,NA,45.37013739
E14000625,Charnwood,70.25123897361321,28.81307284590804,con,lab,con,con,NA,NA,57.8746718
E14000626,Chatham & Aylesford,70.10191999628537,29.299096882037468,con,lab,con,con,NA,NA,63.90539181
E14000627,Cheadle,51.439871927676805,47.29070533948583,con,ld,con,ld,NA,NA,42.65303264
E14000628,Chelmsford,65.74874110411209,33.01558986937213,con,lab,con,con,NA,NA,50.68320063
E14000629,Chelsea & Fulham,68.01819718589967,31.981802814100334,con,lab,con,con,NA,NA,29.09905564
E14000630,Cheltenham,53.22043360937936,46.27337861728855,con,ld,con,ld,NA,NA,42.89897606
E14000631,Chesham & Amersham,72.74037549781909,27.25962450218092,con,lab,con,con,NA,NA,44.98498396
E14000640,"Chester, City Of",51.15810871562323,48.84189128437678,con,lab,con,lab,NA,NA,42.27570868
E14000632,Chesterfield,34.57326574055786,64.70033138016547,con,lab,lab,lab,NA,NA,59.293253199999995
E14000633,Chichester,72.61765169148919,27.196835786415583,con,lab,con,con,NA,NA,50.732770689999995
E14000634,Chingford & Woodford Green,60.823212492009866,38.505615925486254,con,lab,con,con,NA,NA,49.88047103
E14000635,Chippenham,58.18398397314419,41.81601602685581,con,ld,con,con,NA,NA,51.58581819
E14000636,Chipping Barnet,56.420123365966845,43.357289721389094,con,lab,con,con,NA,NA,41.074577950000005
E14000637,Chorley,49.86656868811881,49.86656868811881,con,lab,con,lab,NA,NA,56.745851
E14000638,Christchurch,79.5662582734826,20.43374172651739,con,lab,con,con,NA,NA,59.96396120000001
E14000639,Cities Of London & Westminster,59.31739671134448,39.720878817189444,con,lab,con,con,NA,NA,28.053672849999998
E14000642,Clacton,81.08896781052775,18.911032189472255,ukip,lab,ukip,ukip,NA,NA,73.0439705
E14000643,Cleethorpes,65.16445252722394,34.358712768080906,con,lab,con,con,NA,NA,69.50382101
W07000062,Clwyd South,45.99874515172256,43.677275838466805,con,lab,con,lab,NA,NA,59.883856300000005
W07000059,Clwyd West,56.40843588934469,29.241611444199012,con,lab,con,con,NA,NA,53.01311812
S14000011,"Coatbridge, Chryston & Bellshill",8.398753402501086,91.60124659749891,con,snp,snp,snp,NA,NA,38.77654749
E14000644,Colchester,51.01352046591072,48.762167390364866,con,ld,con,ld,con,ld,51.51448181
E14000645,Colne Valley,54.54225352112675,44.3556338028169,con,lab,con,lab,con,lab,50.05534919
E14000646,Congleton,66.86676082862523,33.13323917137477,con,lab,con,con,NA,NA,52.61269112
E14000647,Copeland,51.30831924503545,48.69168075496455,con,lab,con,lab,NA,NA,59.19658371999999
E14000648,Corby,56.48698686224944,5.041478263965535,con,ld,con,con,NA,NA,60.14688934
E14000837,Cornwall North,57.64327909627941,40.94103015856565,con,ld,con,ld,NA,NA,60.19250026
E14000938,Cornwall South East,65.77290189710483,31.547784070656263,con,ld,con,con,NA,NA,55.098705790000004
E14000991,"Cotswolds, The",67.46960311998166,32.53039688001835,con,ld,con,con,NA,NA,47.924183799999994
E14000649,Coventry North East,37.95553029764865,59.854135587601526,con,lab,lab,lab,NA,NA,57.774568179999996
E14000650,Coventry North West,46.74225345886929,49.34800866374928,con,lab,con,lab,NA,NA,58.37436003999999
E14000651,Coventry South,48.04000091535275,50.27575001716286,con,lab,con,lab,con,lab,50.37949289
E14000652,Crawley,61.39649845520083,38.60350154479918,con,lab,con,con,NA,NA,58.4136714
E14000653,Crewe & Nantwich,59.51779701779702,40.48220298220298,con,lab,con,lab,NA,NA,60.28912320999999
E14000654,Croydon Central,52.06361798983775,47.588825296084316,con,lab,con,lab,con,lab,50.31024068999999
E14000655,Croydon North,28.115541272747656,8.284443780127798,con,green,con,con,NA,NA,41.16806604
E14000656,Croydon South,65.00554477405046,34.49889104518991,con,lab,con,con,NA,NA,45.80567492
S14000012,"Cumbernauld, Kilsyth & Kirkintilloch East",7.879389251144142,92.12061074885585,con,snp,snp,snp,NA,NA,36.98912494
W07000070,Cynon Valley,28.393279075872933,53.035573641375684,ukip,lab,lab,lab,NA,NA,56.73223173
E14000657,Dagenham & Rainham,54.220673635307776,44.954703832752614,ukip,lab,ukip,lab,NA,NA,70.34795688
E14000658,Darlington,48.29974964147688,51.15821200262512,con,lab,con,lab,NA,NA,58.09965023
E14000659,Dartford,68.87710328513106,30.720363234003585,con,lab,con,con,NA,NA,63.9834539
E14000660,Daventry,73.9670208309532,26.032979169046804,con,lab,con,con,NA,NA,58.58949343
W07000042,Delyn,49.14168246255706,46.04479803508023,con,lab,con,lab,con,lab,54.40888662
E14000661,Denton & Reddish,42.333445360771435,57.09262945632223,con,lab,lab,lab,NA,NA,60.98402815
E14000662,Derby North,51.25488881439267,48.745111185607335,con,lab,con,lab,con,lab,54.25037956999999
E14000663,Derby South,42.92013718765311,56.17834394904459,con,lab,lab,lab,NA,NA,61.35345111
E14000664,Derbyshire Dales,64.0041384261312,35.68125673022107,con,lab,con,con,NA,NA,51.23541176999999
E14000814,Derbyshire Mid,65.79857109933164,34.20142890066836,con,lab,con,con,NA,NA,52.47070747
E14000843,Derbyshire North East,52.63201801952115,47.032201551680984,con,lab,con,lab,NA,NA,62.051672270000005
E14000935,Derbyshire South,67.105314999409,32.894685000591,con,lab,con,con,NA,NA,60.35100097
E14000665,Devizes,73.13186140472595,26.86813859527405,con,lab,con,con,NA,NA,53.53419453
E14000623,Devon Central,65.39634146341463,33.966353217749045,con,lab,con,con,NA,NA,50.88695191
E14000678,Devon East,58.97801414551237,17.007511376720217,con,lab,con,con,NA,NA,50.4076662
E14000838,Devon North,57.45412844036697,42.28211009174312,con,ld,con,ld,NA,NA,57.03847943
E14000950,Devon South West,71.08314142777735,28.91685857222266,con,lab,con,con,NA,NA,55.07620277
E14001000,Devon West & Torridge,69.18033366322635,30.819666336773647,con,ld,con,con,NA,NA,57.1897604
E14000666,Dewsbury,51.47119149729629,47.91348126048854,con,lab,con,lab,NA,NA,57.146548519999996
E14000667,Don Valley,48.71957821399991,49.68224827001836,con,lab,con,lab,NA,NA,68.48643718000001
E14000668,Doncaster Central,44.861454725383474,53.332508659079664,ukip,lab,ukip,lab,NA,NA,66.70483969
E14000669,Doncaster North,40.91795144426723,56.88463583200426,ukip,lab,lab,lab,NA,NA,71.65068615
E14000815,Dorset Mid & Poole North,63.01640895503129,36.983591044968705,con,ld,con,con,NA,NA,57.083164769999996
E14000839,Dorset North,73.68361899409948,26.316381005900535,con,ld,con,con,NA,NA,56.60860284
E14000936,Dorset South,63.91341029281643,34.854003333539104,con,lab,con,con,NA,NA,59.44560911
E14001031,Dorset West,62.67313755357966,37.32686244642035,con,ld,con,con,NA,NA,51.0392986
E14000670,Dover,63.543325899968146,36.45667410003186,con,lab,con,con,NA,NA,63.00961235
N06000013,Down North,8.55426043897961,5.446907947812057,con,green,con,green,NA,NA,NA
N06000015,Down South,7.874089514485796,0,ukip,green,ukip,ukip,NA,NA,NA
E14000671,Dudley North,54.79311433986102,44.43040640134765,con,lab,con,lab,NA,NA,71.43022556000001
E14000672,Dudley South,62.70348076419785,37.296519235802144,con,lab,con,con,NA,NA,70.41731849
E14000673,Dulwich & West Norwood,25.80896382539621,73.34410653790741,con,lab,lab,lab,NA,NA,22.93742067
S14000013,Dumfries & Galloway,32.202042330659694,67.7979576693403,con,snp,snp,snp,NA,NA,45.11085395
S14000014,"Dumfriesshire, Clydesdale & Tweeddale",42.64203782560326,57.35796217439674,con,snp,con,snp,NA,NA,44.645166780000004
S14000018,Dunbartonshire East,9.6480836871936,90.35191631280641,con,snp,snp,snp,NA,NA,26.868196259999998
S14000059,Dunbartonshire West,7.033495629729571,60.6441016014548,con,snp,snp,snp,NA,NA,38.005552980000004
S14000015,Dundee East,14.954861471412265,84.36235342949051,con,snp,snp,snp,NA,NA,38.411670380000004
S14000016,Dundee West,8.614751531958671,90.70537191930939,con,snp,snp,snp,NA,NA,40.74563339
S14000017,Dunfermline & Fife West,11.850062623009483,88.14993737699052,con,snp,snp,snp,NA,NA,39.39283743
E14000641,"Durham, City Of",33.69681841073814,64.45510083426394,con,lab,lab,lab,NA,NA,43.336733960000004
E14000840,Durham North,36.88287749713545,63.11712250286454,con,lab,lab,lab,NA,NA,60.304871989999995
E14000856,Durham North West,40.3638656639731,59.636134336026906,con,lab,lab,lab,NA,NA,55.046200430000006
W07000061,Dwyfor Meirionnydd,33.465914986338326,20.883339674195,con,lab,con,lab,con,lab,47.428228839999996
E14000674,Ealing Central & Acton,46.47699139387747,52.95123197233466,con,lab,con,lab,NA,NA,29.15028059
E14000675,Ealing North,37.808699237270666,61.75015460729746,con,lab,lab,lab,NA,NA,46.25609216
E14000676,Ealing Southall,25.75194478428476,73.18390618868447,con,lab,lab,lab,NA,NA,41.82634912
E14000677,Easington,31.680337338262476,65.55857208872457,ukip,lab,lab,lab,NA,NA,65.96337482999999
E14000679,East Ham,17.083572384777206,81.69439663415567,con,lab,lab,lab,NA,NA,46.269281289999995
S14000019,"East Kilbride, Strathaven & Lesmahagow",13.792761690810883,85.68195708551512,con,snp,snp,snp,NA,NA,36.9324131
S14000020,East Lothian,21.501677568034705,78.23058935167926,con,snp,snp,snp,NA,NA,35.39559572
E14000684,Eastbourne,51.17092256223184,48.566352278526466,con,ld,con,ld,NA,NA,57.54446064
E14000685,Eastleigh,58.09746869651383,41.457526348977574,con,ld,con,ld,con,ld,54.34589934
E14000686,Eddisbury,63.23914512586585,36.12519006588951,con,lab,con,con,NA,NA,52.166668640000005
S14000022,Edinburgh East,11.824417592218989,87.92711673639279,con,snp,snp,snp,NA,NA,27.63678537
S14000023,Edinburgh North & Leith,17.626879051165357,50.88263687767204,con,snp,snp,snp,NA,NA,21.79552346
S14000024,Edinburgh South,18.72134074585075,80.87895142636854,con,lab,lab,lab,NA,NA,22.15338737
S14000025,Edinburgh South West,22.31696445874191,77.68303554125809,con,snp,snp,snp,NA,NA,27.86164648
S14000026,Edinburgh West,14.121914761748513,85.87808523825149,con,snp,snp,snp,NA,NA,28.76601964
E14000687,Edmonton,32.25845469059945,5.455029270888771,con,green,con,con,NA,NA,45.5096172
E14000688,Ellesmere Port & Neston,46.30085389603441,53.2219059644317,con,lab,con,lab,NA,NA,58.341978080000004
E14000689,Elmet & Rothwell,59.53250168693877,40.46749831306123,con,lab,con,con,NA,NA,56.79310101
E14000690,Eltham,51.396065528187776,48.603934471812224,con,lab,con,lab,con,lab,51.81526511
E14000691,Enfield North,50.32620239720831,48.841493811908016,con,lab,con,lab,con,lab,49.21544262
E14000692,Enfield Southgate,53.98803806862831,46.011961931371694,con,lab,con,lab,NA,NA,37.884815859999996
E14000693,Epping Forest,73.10529302099377,26.73259301288806,con,lab,con,con,NA,NA,61.01128584
E14000694,Epsom & Ewell,70.74532313669216,27.97193007017482,con,lab,con,con,NA,NA,47.78075706
E14000695,Erewash,58.830346426058526,41.16965357394148,con,lab,con,lab,NA,NA,63.22379118
E14000696,Erith & Thamesmead,44.70516460567379,54.2553441115048,con,lab,lab,lab,NA,NA,54.630878530000004
E14000697,Esher & Walton,72.65515304689694,26.249648975007023,con,lab,con,con,NA,NA,41.56633024
E14000698,Exeter,42.493242993076386,57.15502239994076,con,lab,con,lab,NA,NA,44.82789363
S14000028,Falkirk,15.170699370235333,84.82930062976467,con,snp,snp,snp,NA,NA,42.10588228
E14000699,Fareham,71.51005484460694,26.952468007312614,con,lab,con,con,NA,NA,55.52010727
E14000700,Faversham & Kent Mid,72.34897277470908,26.65764251249918,con,lab,con,con,NA,NA,58.67045504
E14000701,Feltham & Heston,41.67796781702257,6.009513207165266,con,ld,con,con,NA,NA,55.932005370000006
N06000007,Fermanagh & South Tyrone,0,1.5492293173954075,con,green,con,green,NA,NA,NA
S14000049,Fife North East,16.28924286945187,82.99273136999315,con,snp,snp,snp,NA,NA,36.31478353
E14000702,Filton & Bradley Stoke,61.46717989450317,38.53282010549683,con,lab,con,con,NA,NA,48.77303387
E14000703,Finchley & Golders Green,54.30958056699305,45.69041943300696,con,lab,con,con,NA,NA,31.10078691
E14000704,Folkestone & Hythe,70.62170514451918,28.68023995637157,con,lab,con,con,NA,NA,61.64041021
E14000705,Forest Of Dean,64.58602584814216,35.413974151857836,con,lab,con,con,NA,NA,57.88889683
N06000008,Foyle,2.6052645802929573,0,ukip,green,ukip,green,NA,NA,NA
E14000706,Fylde,61.93034414675024,25.681291181669994,con,lab,con,con,NA,NA,56.728642969999996
E14000707,Gainsborough,68.36239621607356,30.612452041168467,con,lab,con,con,NA,NA,61.95582416999999
E14000708,Garston & Halewood,22.814037523222343,77.18596247677766,con,lab,lab,lab,NA,NA,47.96281365
E14000709,Gateshead,32.32496244960342,67.67503755039658,ukip,lab,lab,lab,NA,NA,56.223255019999996
E14000710,Gedling,50.52502187591149,49.47497812408851,con,lab,con,lab,NA,NA,56.29742908000001
E14000711,Gillingham & Rainham,67.52410892561281,31.64960278686435,con,lab,con,con,NA,NA,63.58208955
S14000029,Glasgow Central,7.998880919680554,91.11602828221172,con,snp,snp,snp,NA,NA,28.75060852
S14000030,Glasgow East,8.602682886578494,90.86922696088833,con,snp,snp,snp,NA,NA,43.837314109999994
S14000031,Glasgow North,9.17339255728292,89.9761659715075,con,snp,snp,snp,NA,NA,21.62047426
S14000032,Glasgow North East,4.672847822067253,94.15695908286447,con,snp,snp,snp,NA,NA,40.6576167
S14000033,Glasgow North West,8.418844347151913,90.78533315090985,con,snp,snp,snp,NA,NA,31.49285296
S14000034,Glasgow South,9.742096846939194,89.64492189101645,con,snp,snp,snp,NA,NA,28.19188863
S14000035,Glasgow South West,7.34586153808558,59.38515676547494,con,snp,snp,snp,NA,NA,40.86436703
S14000036,Glenrothes,7.741921929492836,61.66435564519517,con,snp,snp,snp,NA,NA,47.61388839
E14000712,Gloucester,59.59866856871136,39.750832144555396,con,lab,con,con,NA,NA,58.90014719
S14000037,Gordon,13.708498822234832,86.29150117776517,con,snp,snp,snp,NA,NA,38.81886524
E14000713,Gosport,74.75086541487465,25.030945137941885,con,lab,con,con,NA,NA,61.815192620000005
W07000046,Gower,48.259974741568826,43.37901679217924,con,lab,con,lab,con,lab,49.30873269
E14000714,Grantham & Stamford,70.3357827178867,26.425448795460888,con,lab,con,con,NA,NA,60.995914129999996
E14000715,Gravesham,65.39819302339497,34.60180697660504,con,lab,con,con,NA,NA,65.37720795
E14000716,Great Grimsby,51.2614508908719,47.06946132637633,con,lab,con,lab,NA,NA,71.44662955
E14000717,Great Yarmouth,66.0212732465313,33.60318424070701,con,lab,con,con,NA,NA,71.50494733000001
E14000718,Greenwich & Woolwich,34.94734138196763,64.26063875331792,con,lab,lab,lab,NA,NA,35.6656796
E14000719,Guildford,65.89856629496535,32.31578557403771,con,ld,con,con,NA,NA,41.202344010000004
E14000720,Hackney North & Stoke Newington,16.906208030148132,82.44632870286848,con,lab,lab,lab,NA,NA,20.48078926
E14000721,Hackney South & Shoreditch,17.313997477931903,16.19377889869693,con,green,con,green,NA,NA,22.782261849999998
E14000722,Halesowen & Rowley Regis,59.82244739604728,40.17755260395271,con,lab,con,lab,NA,NA,66.58986796
E14000723,Halifax,51.87987109455352,46.344250679953376,con,lab,con,lab,NA,NA,58.821653340000005
E14000724,Haltemprice & Howden,68.08253173903233,30.93504522427549,con,lab,con,con,NA,NA,55.23170958
E14000725,Halton,31.850387579681495,67.53437132132466,con,lab,lab,lab,NA,NA,57.666868400000006
E14000726,Hammersmith,40.80066722268557,59.02835696413678,con,lab,lab,lab,NA,NA,31.31363377
E14000680,Hampshire East,72.64613061240296,27.353869387597047,con,ld,con,con,NA,NA,49.27436942
E14000844,Hampshire North East,74.63888888888889,24.65,con,ld,con,con,NA,NA,46.17891358
E14000857,Hampshire North West,72.7620255457922,27.23797445420781,con,lab,con,con,NA,NA,54.75487561
E14000727,Hampstead & Kilburn,45.16158920761989,54.4863242161441,con,lab,con,lab,NA,NA,23.725319340000002
E14000728,Harborough,67.11135674944255,32.88864325055745,con,lab,con,con,NA,NA,52.36640286000001
E14000729,Harlow,65.15332986825156,34.19357754627014,con,lab,con,con,NA,NA,67.73231788000001
E14000730,Harrogate & Knaresborough,63.38803956834533,36.61196043165468,con,ld,con,con,NA,NA,47.17935509
E14000731,Harrow East,55.10408163265306,44.477551020408164,con,lab,con,con,NA,NA,47.47858454
E14000732,Harrow West,46.6150247838122,6.173422311868334,con,ld,con,con,NA,NA,45.05624317
E14000733,Hartlepool,48.89339073183085,40.96733350215244,ukip,lab,ukip,lab,NA,NA,69.56832972
E14000734,Harwich & Essex North,68.52081268582755,31.47918731417245,con,lab,con,con,NA,NA,58.99558448
E14000735,Hastings & Rye,57.871070355607046,7.000215995444459,con,green,con,con,NA,NA,55.93723936
E14000736,Havant,72.2717944142054,27.72820558579459,con,lab,con,con,NA,NA,62.61790804
E14000737,Hayes & Harlington,36.68989701704545,63.31010298295455,con,lab,lab,lab,NA,NA,58.24500129
E14000738,Hazel Grove,53.599111501885744,46.400888498114256,con,ld,con,ld,con,ld,52.20859153000001
E14000739,Hemel Hempstead,67.48332762476578,32.008945661152865,con,lab,con,con,NA,NA,55.486561990000006
E14000740,Hemsworth,43.0575861906334,54.54181012120927,con,lab,lab,lab,NA,NA,68.12554559
E14000741,Hendon,54.247430989320975,45.752569010679025,con,lab,con,lab,NA,NA,41.57417525
E14000742,Henley,69.33702657687016,30.66297342312984,con,lab,con,con,NA,NA,43.08582018
E14000743,Hereford & Herefordshire South,69.40347461751698,30.596525382483016,con,lab,con,con,NA,NA,60.41755815
E14000847,Herefordshire North,69.62497136788622,30.37502863211378,con,ld,con,con,NA,NA,58.018934290000004
E14000744,Hertford & Stortford,69.52573875650799,30.47426124349201,con,lab,con,con,NA,NA,49.23723453
E14000845,Hertfordshire North East,68.23302159236522,31.766978407634785,con,lab,con,con,NA,NA,51.43007318
E14000951,Hertfordshire South West,68.47049784343514,31.082473326697748,con,lab,con,con,NA,NA,46.195480100000005
E14000745,Hertsmere,72.02691102194007,27.973088978059927,con,lab,con,con,NA,NA,50.83652561
E14000746,Hexham,62.60468335448149,37.39531664551851,con,lab,con,con,NA,NA,45.33673575
E14000747,Heywood & Middleton,51.28971115414727,48.71028884585273,ukip,lab,ukip,lab,NA,NA,62.42561164
E14000748,High Peak,56.40394573628148,43.59605426371852,con,lab,con,lab,con,lab,50.54802765
E14000749,Hitchin & Harpenden,65.74266365688487,34.25733634311512,con,lab,con,con,NA,NA,39.79351954
E14000750,Holborn & St Pancras,26.865997778465683,72.16344665586249,con,lab,lab,lab,NA,NA,26.658743629999996
E14000751,Hornchurch & Upminster,74.27764501412122,25.372945180679267,con,lab,con,con,NA,NA,69.49469368
E14000752,Hornsey & Wood Green,11.452799169334602,88.12321536730985,con,lab,lab,lab,NA,NA,24.98291003
E14000753,Horsham,71.31488801054019,26.954765041721565,con,ld,con,con,NA,NA,49.486410060000004
E14000754,Houghton & Sunderland South,39.972459663800045,60.027540336199955,ukip,lab,lab,lab,NA,NA,62.43418577999999
E14000755,Hove,46.17727046386027,52.690849197533225,con,lab,con,lab,NA,NA,32.94684477
E14000756,Huddersfield,41.476851623103904,12.755076831859283,con,green,con,con,NA,NA,51.850841579999994
E14000771,Hull East,38.282494878215346,60.5508763942636,ukip,lab,lab,lab,NA,NA,72.83156301
E14000772,Hull North,31.322164364953586,67.6420647498302,ukip,lab,lab,lab,NA,NA,59.789665670000005
E14000773,Hull West & Hessle,37.33610036788983,62.126214508065274,ukip,lab,lab,lab,NA,NA,67.99068009
E14000757,Huntingdon,69.95726572138682,30.042734278613196,con,lab,con,con,NA,NA,53.48897030999999
E14000758,Hyndburn,53.23291440296593,46.76708559703407,con,lab,con,lab,NA,NA,65.81912778
E14000759,Ilford North,51.55930679310063,48.26289544674242,con,lab,con,lab,con,lab,53.30920424
E14000760,Ilford South,31.129603945137923,4.854368932038835,con,green,con,con,NA,NA,43.30979986
S14000038,Inverclyde,11.569932970161634,87.90772748671733,con,snp,snp,snp,NA,NA,36.20342137
S14000039,"Inverness, Nairn, Badenoch & Strathspey",8.064152187874264,91.20337423845312,con,snp,snp,snp,NA,NA,40.1324389
E14000761,Ipswich,56.46896948289317,43.531030517106835,con,lab,con,lab,NA,NA,56.51572347
E14000762,Isle Of Wight,61.847795163584635,33.60312944523471,con,green,con,con,NA,NA,61.94633409
E14000763,Islington North,21.19673396433359,78.57578096437422,con,lab,lab,lab,NA,NA,21.61112362
E14000764,Islington South & Finsbury,29.8486559747007,69.45335441608313,con,lab,lab,lab,NA,NA,28.28310011
W07000077,Islwyn,34.73913166294737,4.545069348323493,ukip,ld,ukip,ukip,NA,NA,58.93991696999999
E14000765,Jarrow,36.736334405144696,62.26532517373717,ukip,lab,lab,lab,NA,NA,61.777349400000006
E14000766,Keighley,55.83535207540256,44.16464792459744,con,lab,con,lab,con,lab,53.32509525
E14000767,Kenilworth & Southam,69.56405894529729,29.392715869730075,con,lab,con,con,NA,NA,46.20568194
E14000768,Kensington,56.72447456069829,41.819800160790166,con,lab,con,con,NA,NA,31.20458613
E14000769,Kettering,67.91266042610869,31.76754627472574,con,lab,con,con,NA,NA,60.988368859999994
S14000040,Kilmarnock & Loudoun,12.526204478414932,57.119269799454585,con,snp,snp,snp,NA,NA,39.45466653
E14000770,Kingston & Surbiton,46.52928965621994,52.84289403068199,con,ld,con,ld,NA,NA,40.8444531
E14000774,Kingswood,63.137662337662334,36.24519480519481,con,lab,con,con,NA,NA,57.1216387
S14000041,Kirkcaldy & Cowdenbeath,12.213567269152236,54.40898434545867,con,snp,snp,snp,NA,NA,43.26145395
E14000775,Knowsley,16.440624507175524,83.55937549282449,ukip,lab,lab,lab,NA,NA,52.34216074
N06000009,Lagan Valley,7.171755245633873,0,ukip,green,ukip,ukip,NA,NA,NA
S14000042,Lanark & Hamilton East,18.464294762749283,81.53570523725071,con,snp,snp,snp,NA,NA,35.95620573
E14001033,Lancashire West,44.63322328689911,55.064820033819146,con,lab,con,lab,con,lab,54.950812920000004
E14000776,Lancaster & Fleetwood,48.967367866213046,50.615745843116585,con,lab,con,lab,con,lab,51.98908416
E14000777,Leeds Central,33.01589415734328,66.25155389806429,con,lab,lab,lab,NA,NA,45.96096799
E14000778,Leeds East,39.93350089014557,60.06649910985443,con,lab,lab,lab,NA,NA,61.444348049999995
E14000779,Leeds North East,40.57277753618687,58.49330102917728,con,lab,lab,lab,NA,NA,37.42284755
E14000780,Leeds North West,25.555273658232814,73.87734391217104,con,ld,ld,ld,NA,NA,35.406096520000006
E14000781,Leeds West,38.60448169065403,60.29721781224787,con,lab,lab,lab,NA,NA,53.26613806
E14000782,Leicester East,31.87983689772822,66.75334942165266,con,lab,lab,lab,NA,NA,54.0619991
E14000783,Leicester South,29.297810282530147,10.143224065125594,con,green,con,con,NA,NA,42.4353547
E14000784,Leicester West,42.865419153003884,56.300330224204856,con,lab,con,lab,con,lab,50.835991879999995
E14000858,Leicestershire North West,66.36338946224878,6.2213858927601455,con,ld,con,con,NA,NA,60.69847772
E14000940,Leicestershire South,70.58376293439157,29.416237065608424,con,lab,con,con,NA,NA,58.14205318
E14000785,Leigh,42.3708530017951,56.427985727899305,con,lab,lab,lab,NA,NA,63.28780092
E14000786,Lewes,48.73961218836565,51.260387811634345,con,ld,con,ld,con,ld,47.142173799999995
E14000789,Lewisham Deptford,19.122422300004217,78.01838653902922,con,lab,lab,lab,NA,NA,24.426212319999998
E14000787,Lewisham East,31.35847913705939,67.07592665936677,con,lab,lab,lab,NA,NA,35.37050455
E14000788,Lewisham West & Penge,31.993766233766234,66.76987012987013,con,lab,lab,lab,NA,NA,34.59205781
E14000790,Leyton & Wanstead,27.71294499176965,71.57703363388448,con,lab,lab,lab,NA,NA,34.755182
E14000791,Lichfield,70.86288301241572,28.903957875920494,con,lab,con,con,NA,NA,57.508902240000005
E14000792,Lincoln,54.84717834884317,43.808161871424915,con,lab,con,lab,NA,NA,57.432633730000006
S14000043,Linlithgow & Falkirk East,14.718249265386302,85.11453479877267,con,snp,snp,snp,NA,NA,42.01830304
E14000793,Liverpool Riverside,15.261053249892687,16.020152271649007,con,green,con,green,NA,NA,27.30066196
E14000794,Liverpool Walton,13.662995078509493,86.13129182615941,ukip,lab,lab,lab,NA,NA,52.16803564
E14000795,Liverpool Wavertree,18.238395079806708,11.211988090008298,con,ld,con,ld,NA,NA,35.26162544
E14000796,Liverpool West Derby,15.073968462869537,4.764690112354074,ukip,green,ukip,green,ukip,green,49.820719759999996
S14000044,Livingston,13.356039411263836,86.64396058873616,con,snp,snp,snp,NA,NA,43.26090286
W07000045,Llanelli,30.598330481671592,45.076994867008864,ukip,lab,lab,lab,NA,NA,56.674596720000004
N06000006,Londonderry East,1.2156478654145302,0,con,green,con,green,NA,NA,NA
E14000797,Loughborough,60.4882737408689,39.5117262591311,con,lab,con,con,NA,NA,50.09042072
E14000798,Louth & Horncastle,72.57827399872855,25.590034965034963,con,lab,con,con,NA,NA,68.89943000999999
E14000799,Ludlow,69.19459875579967,30.80540124420032,con,ld,con,con,NA,NA,57.88401838
E14000800,Luton North,42.4161988207935,57.58380117920651,con,lab,lab,lab,NA,NA,59.1531961
E14000801,Luton South,42.822626492325185,10.469963994693956,con,ld,con,con,NA,NA,54.59717781
E14000802,Macclesfield,64.72035162708174,35.27964837291826,con,lab,con,con,NA,NA,47.183797160000005
E14000803,Maidenhead,74.25865750626683,25.33840869000093,con,lab,con,con,NA,NA,45.02570105
E14000804,Maidstone & The Weald,61.337732453509304,37.39252149570086,con,ld,con,con,NA,NA,55.91719646999999
E14000805,Makerfield,41.98669286416004,58.01330713583996,ukip,lab,lab,lab,NA,NA,64.91008794999999
E14000806,Maldon,75.25028619003018,19.46300343428036,con,lab,con,con,NA,NA,60.956032140000005
E14000807,Manchester Central,24.632150184200658,12.585206591515739,con,green,con,green,NA,NA,36.35657629
E14000808,Manchester Gorton,17.8419286513244,81.09902663080987,con,lab,lab,lab,NA,NA,38.21218401
E14000809,Manchester Withington,14.097586358723932,85.78033062482488,con,lab,lab,lab,NA,NA,24.93859855
E14000810,Mansfield,53.266374250418494,46.047083253872394,con,lab,con,lab,NA,NA,70.86291353
E14000811,Meon Valley,75.88027147746388,24.11972852253611,con,lab,con,con,NA,NA,51.927530919999995
E14000812,Meriden,71.66701518924776,28.14288158470049,con,lab,con,con,NA,NA,58.80843468
W07000071,Merthyr Tydfil & Rhymney,28.726883692495797,59.8288246981507,ukip,lab,lab,lab,NA,NA,58.354338829999996
E14000819,Middlesbrough,35.14645630771112,64.85354369228888,ukip,lab,lab,lab,NA,NA,66.08364664
E14000820,Middlesbrough South & Cleveland East,52.23635527727303,47.76364472272697,con,lab,con,lab,NA,NA,65.26552985000001
S14000045,Midlothian,14.344830440090211,85.6551695599098,con,snp,snp,snp,NA,NA,37.94096947
E14000821,Milton Keynes North,59.10004853359219,40.42328225750538,con,lab,con,con,NA,NA,49.66509051
E14000822,Milton Keynes South,60.0586948039831,7.201139968447302,con,ld,con,con,NA,NA,53.08140404
E14000823,Mitcham & Morden,32.66359487838377,66.8556997917682,con,lab,lab,lab,NA,NA,44.68652381
E14000824,Mole Valley,71.84439608269858,28.155603917301413,con,ld,con,con,NA,NA,47.31132761
W07000054,Monmouth,60.34933209725675,35.48944418692849,con,lab,con,con,NA,NA,48.06450827
W07000063,Montgomeryshire,56.20463903782918,38.62606274254229,con,ld,con,con,NA,NA,55.84294422
S14000046,Moray,35.02029220779221,64.97970779220779,con,snp,snp,snp,NA,NA,49.87319669
E14000825,Morecambe & Lunesdale,57.92747791499006,41.875953933675596,con,lab,con,lab,NA,NA,58.185620549999996
E14000826,Morley & Outwood,55.392746113989645,5.575129533678757,con,ld,con,con,NA,NA,59.81727737
S14000047,Motherwell & Wishaw,10.332317515600058,89.66768248439993,con,snp,snp,snp,NA,NA,37.710356090000005
S14000027,Na H-Eileanan An Iar,7.623290249717655,85.82005270422889,con,snp,snp,snp,NA,NA,43.9006772
W07000069,Neath,31.73555944526727,50.16291907903595,ukip,lab,lab,lab,NA,NA,54.015405019999996
E14000827,New Forest East,73.76787267174956,26.23212732825045,con,lab,con,con,NA,NA,60.17814514
E14000828,New Forest West,76.43113267243197,23.56886732756802,con,lab,con,con,NA,NA,55.257656499999996
E14000829,Newark,69.07575236128638,29.70632098198922,con,lab,con,con,NA,NA,55.7006959
E14000830,Newbury,71.84642233856894,27.51483420593368,con,ld,con,con,NA,NA,47.80556283
E14000834,Newcastle-Under-Lyme,53.775844826383235,45.56596971881759,con,lab,con,lab,NA,NA,61.644986290000006
E14000831,Newcastle Upon Tyne Central,33.75231580447485,66.24768419552515,con,lab,lab,lab,NA,NA,48.00307977
E14000832,Newcastle Upon Tyne East,30.06985875274081,69.18566110856152,con,lab,lab,lab,NA,NA,41.07125543
E14000833,Newcastle Upon Tyne North,40.0592546390145,59.18781047425988,con,lab,lab,lab,NA,NA,56.8289241
W07000055,Newport East,45.71892446166116,49.641107439899734,con,lab,con,lab,NA,NA,59.3309312
W07000056,Newport West,47.72845564726002,48.29603192306739,con,lab,con,lab,con,lab,53.65707981
N06000011,Newry & Armagh,0.4210357479399322,0,con,green,con,green,NA,NA,NA
E14000835,Newton Abbot,61.17754336517936,38.364454023584024,con,ld,con,con,NA,NA,56.01337034
E14000816,Norfolk Mid,71.12541178273194,28.874588217268062,con,lab,con,con,NA,NA,60.59812834
E14000848,Norfolk North,47.7273647144534,52.272635285546606,con,ld,con,ld,NA,NA,58.400286720000004
E14000859,Norfolk North West,69.95630237909269,30.043697620907306,con,lab,con,con,NA,NA,65.77828611999999
E14000941,Norfolk South,67.99712900232831,32.00287099767169,con,lab,con,con,NA,NA,50.88435338
E14000952,Norfolk South West,74.17481540610656,25.825184593893432,con,lab,con,con,NA,NA,66.67395689
E14000836,"Normanton, Pontefract & Castleford",42.16833344227291,57.83166655772708,ukip,lab,lab,lab,NA,NA,69.25528289
E14000861,Northampton North,58.49382152191012,41.50617847808987,con,lab,con,lab,NA,NA,60.271290050000005
E14000862,Northampton South,59.86266844974797,39.723279497994035,con,lab,con,lab,NA,NA,58.995218810000004
E14000942,Northamptonshire South,73.62722224047846,26.37277775952154,con,lab,con,con,NA,NA,53.33802045
E14000863,Norwich North,57.43714443017067,42.2600477151771,con,lab,con,lab,NA,NA,56.72662157
E14000864,Norwich South,32.845676082784806,66.83242886325651,con,lab,lab,lab,NA,NA,40.53030013
E14000865,Nottingham East,30.71657814763271,14.053225027691784,con,green,con,con,NA,NA,42.87932214
E14000866,Nottingham North,39.51277480689246,60.03451885804827,con,lab,lab,lab,NA,NA,63.80805601
E14000867,Nottingham South,42.93339468537904,56.53744392039572,con,lab,con,lab,con,lab,46.46776483
E14000868,Nuneaton,59.91169205884282,39.43692758311657,con,lab,con,con,NA,NA,64.50599311
S14000050,Ochil & Perthshire South,23.01325361580066,76.98674638419935,con,snp,snp,snp,NA,NA,39.5023841
W07000074,Ogmore,31.319148936170215,58.12482269503546,con,lab,lab,lab,NA,NA,58.90245084
E14000869,Old Bexley & Sidcup,71.04047231967144,25.36793017883118,con,lab,con,con,NA,NA,62.43048760999999
E14000870,Oldham East & Saddleworth,45.14983252028865,54.85016747971135,con,lab,con,lab,NA,NA,59.92043445
E14000871,Oldham West & Royton,39.592461228179985,60.407538771820015,ukip,lab,lab,lab,NA,NA,61.30829724
S14000051,Orkney & Shetland,13.670362548398451,86.32963745160154,con,ld,ld,ld,NA,NA,40.281308249999995
E14000872,Orpington,74.08427149616577,25.91572850383423,con,lab,con,con,NA,NA,57.541498430000004
E14000873,Oxford East,26.686263291838465,72.40032354159679,con,lab,lab,lab,NA,NA,32.52633748
E14000874,Oxford West & Abingdon,52.60712351738955,46.01463832165878,con,ld,con,ld,NA,NA,38.029240959999996
S14000052,Paisley & Renfrewshire North,12.252784273314573,86.9644484958979,con,snp,snp,snp,NA,NA,35.54794429
S14000053,Paisley & Renfrewshire South,7.627741963397222,91.77086488123567,con,snp,snp,snp,NA,NA,34.79527931
E14000875,Pendle,59.3794996400288,40.6205003599712,con,lab,con,con,NA,NA,63.15429580000001
E14000876,Penistone & Stocksbridge,50.59546676911256,48.337388483373886,con,lab,con,lab,NA,NA,60.65127663
E14000877,Penrith & The Border,71.84490334919514,28.155096650804854,con,lab,con,con,NA,NA,55.202409640000006
S14000054,Perth & Perthshire North,34.774907749077485,64.57011070110701,con,snp,snp,snp,NA,NA,39.90164644
E14000878,Peterborough,55.59001593202337,41.95645246946362,con,lab,con,lab,NA,NA,61.30959473000001
E14000879,Plymouth Moor View,59.08088062714172,40.5623621086232,con,lab,con,lab,NA,NA,66.44024003999999
E14000880,Plymouth Sutton & Devonport,51.81285574296854,11.277443029001523,con,green,con,con,NA,NA,54.40523532
W07000075,Pontypridd,30.763951216936803,56.62319835277968,con,lab,lab,lab,NA,NA,46.51097855
E14000881,Poole,66.88962505011288,29.270145380119427,con,lab,con,con,NA,NA,57.4193151
E14000882,Poplar & Limehouse,31.521824308439776,67.58482877517437,con,lab,lab,lab,NA,NA,34.20763699
E14000883,Portsmouth North,66.1004626569729,33.231989424983475,con,lab,con,con,NA,NA,63.69341446
E14000884,Portsmouth South,48.15884304226428,49.33536978259313,con,ld,con,ld,con,ld,51.763034399999995
W07000065,Preseli Pembrokeshire,50.8925929578854,33.64730249531512,con,lab,con,con,NA,NA,55.3168878
E14000885,Preston,35.33717768681466,8.625892617048613,con,green,con,con,NA,NA,55.67265972999999
E14000886,Pudsey,55.62079054332672,44.37920945667328,con,lab,con,lab,con,lab,48.584363870000004
E14000887,Putney,58.40982879032069,41.160395207063274,con,lab,con,con,NA,NA,27.76423307
E14000888,Rayleigh & Wickford,76.93724163848177,18.51935362645622,con,lab,con,con,NA,NA,67.65267372
E14000889,Reading East,53.20236067651602,46.79763932348398,con,lab,con,lab,NA,NA,38.253326539999996
E14000890,Reading West,57.65639203371622,41.71762664242625,con,lab,con,con,NA,NA,51.51014618999999
E14000891,Redcar,34.570737310295954,20.62122730272001,ukip,ld,ukip,ld,NA,NA,67.6748838
E14000892,Redditch,63.277246133611506,36.34178420790059,con,lab,con,con,NA,NA,60.98995823
E14000893,Reigate,70.04615474498043,29.953845255019573,con,lab,con,con,NA,NA,47.97697869
S14000021,Renfrewshire East,23.53781068217874,76.46218931782126,con,snp,snp,snp,NA,NA,25.68141894
W07000052,Rhondda,19.386137358107682,53.59566237554696,ukip,lab,lab,lab,NA,NA,60.44990078
E14000894,Ribble Valley,64.41819956740616,32.05596922075685,con,lab,con,con,NA,NA,58.730891809999996
E14000895,Richmond (Yorks),66.55308431637623,23.893035056204745,con,lab,con,con,NA,NA,54.710436939999994
E14000896,Richmond Park,62.38134718532682,37.61865281467319,con,ld,con,con,NA,NA,28.685631299999997
E14000897,Rochdale,35.79352850539291,59.454105216817084,ukip,lab,lab,lab,NA,NA,57.45003587000001
E14000898,Rochester & Strood,74.55061314646964,25.064742173813695,con,lab,con,con,NA,NA,63.68812299
E14000899,Rochford & Southend East,66.93496606127316,33.06503393872684,con,lab,con,con,NA,NA,60.92034453
E14000900,Romford,73.76265809915003,26.237341900849977,con,lab,con,con,NA,NA,69.28564915999999
E14000901,Romsey & Southampton North,65.69692962519112,34.303070374808875,con,ld,con,con,NA,NA,46.07558645
S14000055,"Ross, Skye & Lochaber",8.160531917437995,91.38265049867259,con,snp,snp,snp,NA,NA,43.49302937
E14000902,Rossendale & Darwen,60.60093015665797,38.84831919060053,con,lab,con,con,NA,NA,58.9357362
E14000903,Rother Valley,51.36008847487186,47.83810799889406,ukip,lab,ukip,lab,NA,NA,66.72198863999999
E14000904,Rotherham,42.487375406498685,55.39750945192078,ukip,lab,lab,lab,NA,NA,68.34596314
E14000905,Rugby,63.043300820307714,36.497571725911115,con,lab,con,con,NA,NA,58.61758176000001
E14000906,"Ruislip, Northwood & Pinner",70.51462262309164,28.57170746944672,con,lab,con,con,NA,NA,49.543845530000006
E14000907,Runnymede & Weybridge,73.62742747542555,26.372572524574444,con,lab,con,con,NA,NA,49.84697172
E14000908,Rushcliffe,62.172793851062295,37.82720614893771,con,lab,con,con,NA,NA,41.46612381
S14000056,Rutherglen & Hamilton West,9.808209667621279,54.36778616679685,con,snp,snp,snp,NA,NA,37.569901789999996
E14000909,Rutland & Melton,71.5363624709265,27.68162921451202,con,lab,con,con,NA,NA,53.87786935
E14000910,Saffron Walden,70.9848340079565,26.134843562705207,con,lab,con,con,NA,NA,51.23953346
E14000960,St Albans,54.494516194220424,45.50548380577958,con,lab,con,lab,NA,NA,37.83228099
E14000961,St Austell & Newquay,57.093782887551875,38.809793292428665,con,ld,con,ld,NA,NA,64.06363369
E14000962,St Helens North,34.74143894846074,65.25856105153926,con,lab,lab,lab,NA,NA,58.392857799999994
E14000963,St Helens South & Whiston,29.904746161952186,70.09525383804781,con,lab,lab,lab,NA,NA,56.053741050000006
E14000964,St Ives,50.11384335154827,48.813959264778944,con,ld,con,ld,con,ld,54.766045399999996
E14000911,Salford & Eccles,38.43877857654701,58.31811562377199,con,lab,lab,lab,NA,NA,53.59345748
E14000912,Salisbury,67.73296519080958,30.829306774479832,con,lab,con,con,NA,NA,49.90814012
E14000913,Scarborough & Whitby,60.27566559835773,39.29072665954461,con,lab,con,lab,NA,NA,61.31829001
E14000914,Scunthorpe,50.3180747678731,46.15467908286186,con,lab,con,lab,NA,NA,68.67554724
E14000915,Sedgefield,46.12563281330716,53.87436718669284,con,lab,con,lab,NA,NA,59.43575056
E14000916,Sefton Central,39.558556536994345,60.44144346300565,con,lab,lab,lab,NA,NA,44.08858731
E14000917,Selby & Ainsty,66.4987500946898,33.24179986364669,con,lab,con,con,NA,NA,57.652600799999995
E14000918,Sevenoaks,74.81645519112601,25.183544808873993,con,lab,con,con,NA,NA,54.040514200000004
E14000921,Sheffield Brightside & Hillsborough,33.113624447606924,65.35590342795795,ukip,lab,lab,lab,NA,NA,59.97367924
E14000919,Sheffield Central,18.59280555995744,80.55825957032577,con,lab,lab,lab,NA,NA,31.911972570000003
E14000922,Sheffield Hallam,20.041095149690886,79.0342639822642,con,ld,ld,ld,NA,NA,34.006065140000004
E14000923,Sheffield Heeley,33.54975266362253,65.59408295281582,ukip,lab,lab,lab,NA,NA,57.16131008999999
E14000920,Sheffield South East,39.27072088281156,59.45064171764424,ukip,lab,lab,lab,NA,NA,66.31781806
E14000924,Sherwood,59.631543650637106,40.21460412639552,con,lab,con,lab,NA,NA,63.65773924
E14000925,Shipley,58.857979502196194,40.06766649519212,con,lab,con,con,NA,NA,52.211344520000004
E14000926,Shrewsbury & Atcham,59.9626631178145,39.88392296033419,con,lab,con,con,NA,NA,52.92057793
E14000849,Shropshire North,69.05255549426512,30.947444505734882,con,lab,con,con,NA,NA,59.848118549999995
E14000927,Sittingbourne & Sheppey,74.28814451780146,25.154927295556725,con,lab,con,con,NA,NA,65.36448876
E14000928,Skipton & Ripon,69.46424971132168,30.535750288678308,con,lab,con,con,NA,NA,53.18714405
E14000929,Sleaford & North Hykeham,71.8729820483017,22.90778767919411,con,lab,con,con,NA,NA,61.583166649999995
E14000930,Slough,46.315898498187465,53.68410150181253,con,lab,con,lab,con,lab,54.05691498
E14000931,Solihull,60.82075247813943,39.02772960441045,con,ld,con,con,NA,NA,53.34830853
E14000850,Somerset North,66.52132604933664,33.478673950663364,con,lab,con,con,NA,NA,47.58369914
E14000846,Somerset North East,61.80590882410487,38.194091175895124,con,lab,con,con,NA,NA,51.634507500000005
E14000932,Somerton & Frome,63.67043061566267,35.72435291581687,con,ld,con,con,NA,NA,50.32814379
E14000939,South Holland & The Deepings,81.36850448106976,18.631495518930233,con,lab,con,con,NA,NA,71.07144319999999
E14000943,South Ribble,60.51174336452168,39.48825663547832,con,lab,con,con,NA,NA,56.63894373
E14000944,South Shields,38.59368537157039,57.47139114849029,ukip,lab,lab,lab,NA,NA,62.052532670000005
E14000955,Southampton Itchen,55.16886602549765,7.763363900693356,con,green,con,con,NA,NA,60.29473415
E14000956,Southampton Test,45.296893613121966,52.01594428663063,con,lab,con,lab,con,lab,49.41218119
E14000957,Southend West,67.352670246467,32.276618212047005,con,lab,con,con,NA,NA,55.07458096
E14000958,Southport,44.803972699031775,52.94664520078909,con,ld,con,ld,con,ld,46.29283656
E14000959,Spelthorne,70.53933454226859,28.52747610994519,con,lab,con,con,NA,NA,60.299599
E14000965,Stafford,61.309902187954975,35.20208337605348,con,lab,con,con,NA,NA,57.46250827
E14000966,Staffordshire Moorlands,65.76185220842041,34.23814779157959,con,lab,con,con,NA,NA,64.69043246
E14000945,Staffordshire South,76.10185894592523,23.898141054074763,con,lab,con,con,NA,NA,65.24281719
E14000967,Stalybridge & Hyde,47.47526441487547,7.569332748452503,con,green,con,con,NA,NA,59.2907293
E14000968,Stevenage,58.90290591853386,6.173769325718111,con,ld,con,con,NA,NA,57.03690856
S14000057,Stirling,23.114989929989452,76.88501007001055,con,snp,snp,snp,NA,NA,32.19611271
E14000969,Stockport,37.62011652248481,61.9385104290146,con,lab,lab,lab,NA,NA,46.78932179
E14000970,Stockton North,47.130474337267195,51.350736650577446,con,lab,con,lab,NA,NA,66.32496941
E14000971,Stockton South,57.34115875436802,4.4751626542077725,con,ld,con,con,NA,NA,57.76439166
E14000972,Stoke-On-Trent Central,45.19688585767597,47.094968472526055,ukip,lab,ukip,lab,NA,NA,64.84664776
E14000973,Stoke-On-Trent North,52.09033993894552,45.679619185595286,con,lab,con,lab,NA,NA,72.12358560999999
E14000974,Stoke-On-Trent South,53.898279080471525,45.15048456798016,con,lab,con,lab,NA,NA,71.10740622
E14000975,Stone,70.91705470859645,27.953902744997983,con,lab,con,con,NA,NA,57.53522217
E14000976,Stourbridge,62.93640965478285,37.06359034521714,con,lab,con,con,NA,NA,63.663983280000004
N06000016,Strangford,12.981959674566678,0,ukip,green,ukip,ukip,NA,NA,NA
E14000977,Stratford-On-Avon,70.87584290405954,29.12415709594046,con,lab,con,con,NA,NA,51.00166754999999
E14000978,Streatham,28.32195141489596,70.86696172871649,con,lab,lab,lab,NA,NA,20.53967406
E14000979,Stretford & Urmston,38.770318630621304,60.68641400422541,con,lab,lab,lab,NA,NA,48.905485459999994
E14000980,Stroud,53.70196813495783,7.999145004028346,con,green,con,con,NA,NA,45.86215909
E14000624,Suffolk Central & Ipswich North,69.84044815027086,29.860045480596796,con,lab,con,con,NA,NA,54.89119115
E14000981,Suffolk Coastal,67.47130985358132,32.528690146418676,con,lab,con,con,NA,NA,55.21257568
E14000946,Suffolk South,68.2817346407999,31.39846263509739,con,lab,con,con,NA,NA,54.02620066
E14001034,Suffolk West,73.90315242118946,26.096847578810532,con,lab,con,con,NA,NA,63.24870026
E14000982,Sunderland Central,42.567405775585456,56.91777213734975,con,lab,lab,lab,NA,NA,59.93816529
E14000681,Surrey East,74.44165196157067,24.909541379248882,con,lab,con,con,NA,NA,54.199342800000004
E14000983,Surrey Heath,74.14892248902281,24.686300086347853,con,lab,con,con,NA,NA,51.85155398
E14000953,Surrey South West,69.75262171956793,21.194348640557436,con,lab,con,con,NA,NA,40.74971314
E14000817,Sussex Mid,68.12426076671537,29.63716691017881,con,lab,con,con,NA,NA,46.44059275
E14000984,Sutton & Cheam,52.24526600541028,46.905119727482216,con,ld,con,ld,con,ld,51.28387875
E14000985,Sutton Coldfield,69.35737601761906,30.318165729342823,con,lab,con,con,NA,NA,51.67437686
W07000048,Swansea East,32.48557320483074,57.10928669165328,ukip,lab,lab,lab,NA,NA,61.79255368
W07000047,Swansea West,36.05358971441574,14.114233701217431,con,ld,con,con,NA,NA,43.40078475
E14000851,Swindon North,65.66747061751082,34.332529382489184,con,lab,con,con,NA,NA,57.28561384
E14000947,Swindon South,58.252643972149485,41.747356027850515,con,lab,con,lab,con,lab,51.653094089999996
E14000986,Tamworth,68.53987365921907,31.460126340780942,con,lab,con,con,NA,NA,65.99235865
E14000987,Tatton,69.36950858757561,30.63049141242439,con,lab,con,con,NA,NA,45.631558160000004
E14000988,Taunton Deane,60.06529963549674,35.12878539222969,con,ld,con,con,NA,NA,52.92471057
E14000989,Telford,57.630704883749544,42.36929511625046,con,lab,con,lab,NA,NA,66.19103401999999
E14000990,Tewkesbury,67.40387395200925,32.59612604799075,con,lab,con,con,NA,NA,53.64874667
E14000852,Thanet North,74.68599239155846,25.024971840265234,con,lab,con,con,NA,NA,65.18256162
E14000948,Thanet South,70.57347017266858,27.829396166069515,con,lab,con,con,NA,NA,61.69104703
E14000993,Thirsk & Malton,67.50692256278049,29.019383175785354,con,lab,con,con,NA,NA,56.43278105
E14000994,Thornbury & Yate,51.575046324891915,48.424953675108085,con,ld,con,ld,con,ld,52.1900806
E14000995,Thurrock,65.39020256637883,33.89556936486159,con,lab,con,lab,NA,NA,70.25530969
E14000996,Tiverton & Honiton,70.47039785726243,29.52960214273757,con,lab,con,con,NA,NA,57.8205268
E14000997,Tonbridge & Malling,74.60406185951183,25.395938140488166,con,lab,con,con,NA,NA,52.857431909999995
E14000998,Tooting,44.757047581684695,55.242952418315305,con,lab,con,lab,NA,NA,25.58758409
E14000999,Torbay,54.266935668379126,45.733064331620874,con,ld,con,ld,NA,NA,62.453668009999994
W07000053,Torfaen,42.101378601365425,49.96441468750824,con,lab,con,lab,NA,NA,60.77521646
E14001001,Totnes,67.0891988874026,32.910801112597404,con,lab,con,con,NA,NA,53.89136358
E14001002,Tottenham,15.512947036984823,80.6922317778091,con,lab,lab,lab,NA,NA,23.77702633
E14001003,Truro & Falmouth,55.57969889802887,40.69920844327177,con,ld,con,ld,con,ld,45.85036987
E14001004,Tunbridge Wells,71.28801431127013,27.821420238002645,con,lab,con,con,NA,NA,44.646337190000004
E14001005,Twickenham,46.20508354299723,53.472356622153406,con,ld,con,ld,NA,NA,33.31585769
E14001006,Tynemouth,45.035984671464625,54.964015328535375,con,lab,con,lab,con,lab,47.637004090000005
E14000853,Tyneside North,35.48848733393139,63.45422700670683,con,lab,lab,lab,NA,NA,59.52071882
N06000018,Tyrone West,0.43721219020023805,2.017902416308791,con,green,con,green,NA,NA,NA
N06000010,Ulster Mid,2.402130883143541,0,ukip,green,ukip,green,NA,NA,NA
N06000017,Upper Bann,0.42567610495775005,0,con,green,con,green,NA,NA,NA
E14001007,Uxbridge & Ruislip South,64.39713463212158,34.46698355314543,con,lab,con,con,NA,NA,57.1873736
W07000060,Vale Of Clwyd,52.00363007288505,40.94608774566802,con,lab,con,lab,NA,NA,56.55908168
W07000078,Vale Of Glamorgan,56.725089193457194,37.217554052209856,con,lab,con,con,NA,NA,52.55067009
E14001008,Vauxhall,30.1516447299806,68.30896310047767,con,lab,lab,lab,NA,NA,22.42839619
E14001009,Wakefield,52.47480976427059,46.19877597561259,con,lab,con,lab,NA,NA,62.765067249999994
E14001010,Wallasey,34.33796061430614,65.66203938569386,con,lab,lab,lab,NA,NA,49.92311963
E14001011,Walsall North,55.78993032020172,42.73242415204837,con,lab,con,lab,NA,NA,74.18521817
E14001012,Walsall South,48.45594913714805,51.544050862851954,con,lab,con,lab,NA,NA,61.635275869999994
E14001013,Walthamstow,19.358311800172267,10.34070245956551,con,green,con,green,NA,NA,33.48858552
E14001014,Wansbeck,39.97093023255814,60.02906976744186,con,lab,lab,lab,NA,NA,56.28990700999999
E14001015,Wantage,65.80932784636488,34.19067215363512,con,lab,con,con,NA,NA,46.45965101
E14001016,Warley,35.81115017579106,64.18884982420894,con,lab,lab,lab,NA,NA,61.62753511
E14001017,Warrington North,45.25418877562254,54.74581122437747,con,lab,con,lab,NA,NA,58.074391049999996
E14001018,Warrington South,51.95525078766027,47.64375852947618,con,lab,con,lab,con,lab,51.11005434
E14001019,Warwick & Leamington,56.210830153615,43.78916984638501,con,lab,con,lab,NA,NA,41.64027399
E14000854,Warwickshire North,59.72940456339575,39.97931485742026,con,lab,con,lab,NA,NA,67.76303004
E14001020,Washington & Sunderland West,38.52698821697936,60.55774753737552,ukip,lab,lab,lab,NA,NA,61.851332400000004
E14001021,Watford,53.21733245471869,46.46565388519831,con,lab,con,lab,con,lab,51.15197788
E14001022,Waveney,56.870258257337724,43.12974174266227,con,lab,con,lab,NA,NA,63.41421905
E14001023,Wealden,73.7481803672589,26.251819632741114,con,lab,con,con,NA,NA,52.77483489
E14001024,Weaver Vale,52.86022147779888,46.93921095867028,con,lab,con,lab,con,lab,50.55283696
E14001025,Wellingborough,71.64981162006741,28.35018837993258,con,lab,con,con,NA,NA,63.01966543
E14001026,Wells,56.04351187965697,43.53472515113173,con,ld,con,ld,con,ld,53.63034818
E14001027,Welwyn Hatfield,63.41400258938352,35.872921023802405,con,lab,con,con,NA,NA,52.822556109999994
E14001028,Wentworth & Dearne,39.76475491444581,59.51978513047304,ukip,lab,lab,lab,NA,NA,70.27929536
E14001029,West Bromwich East,46.1325082684306,53.8674917315694,con,lab,con,lab,NA,NA,68.17501793000001
E14001030,West Bromwich West,49.10923314109519,3.560212413635585,ukip,green,ukip,ukip,NA,NA,68.67089363
E14001032,West Ham,22.91212850188472,76.17108328755707,con,lab,lab,lab,NA,NA,47.96501844
E14001036,Westminster North,45.593966695348485,53.861922356633094,con,lab,con,lab,NA,NA,33.654802769999996
E14001037,Westmorland & Lonsdale,39.39585930634184,60.60414069365816,con,ld,ld,ld,NA,NA,47.05617359
E14001038,Weston-Super-Mare,65.78056020703303,33.62764499923885,con,lab,con,con,NA,NA,57.20144602
E14001039,Wigan,40.19826463250392,57.74181440840748,con,lab,lab,lab,NA,NA,62.958890690000004
E14000860,Wiltshire North,68.73763747131893,30.010285623862647,con,ld,con,con,NA,NA,50.30214983
E14000954,Wiltshire South West,70.15084328950681,29.849156710493197,con,lab,con,con,NA,NA,56.88136727999999
E14001040,Wimbledon,57.20746767998018,42.792532320019824,con,lab,con,con,NA,NA,29.36939468
E14001041,Winchester,62.45390122206956,37.54609877793044,con,ld,con,con,NA,NA,39.63737859
E14001042,Windsor,73.3433014354067,25.65988835725678,con,lab,con,con,NA,NA,46.65907704
E14001043,Wirral South,46.138585462628775,53.861414537371225,con,lab,con,lab,con,lab,46.54894164
E14001044,Wirral West,50.774045582684316,48.57136031344068,con,lab,con,lab,NA,NA,44.69019958
E14001045,Witham,73.54986431478969,26.280529172320218,con,lab,con,con,NA,NA,60.46842975
E14001046,Witney,69.34270373790226,29.015765534694438,con,lab,con,con,NA,NA,46.34465746
E14001047,Woking,67.49287968593642,31.839350319451924,con,lab,con,con,NA,NA,44.25193357
E14001048,Wokingham,67.58156395649922,31.779138913194878,con,lab,con,con,NA,NA,42.69408892
E14001049,Wolverhampton North East,49.10743169720319,50.89256830279682,con,lab,con,lab,NA,NA,67.70525193
E14001050,Wolverhampton South East,42.63606029225636,57.36393970774365,con,lab,lab,lab,NA,NA,68.1449563
E14001051,Wolverhampton South West,51.93613370141013,47.94200303414659,con,lab,con,lab,con,lab,54.367502079999994
E14001052,Worcester,58.14612955774994,41.40739697926513,con,lab,con,lab,con,lab,53.67724331
E14000818,Worcestershire Mid,74.6653901388224,25.334609861177597,con,lab,con,con,NA,NA,59.386528240000004
E14001035,Worcestershire West,70.43622920517561,29.5637707948244,con,lab,con,con,NA,NA,52.51939236
E14001053,Workington,49.74650963263396,49.75950913865273,con,lab,con,lab,NA,NA,61.01018397
E14001054,Worsley & Eccles South,48.37804414003044,49.80498477929985,con,lab,con,lab,NA,NA,59.79113324000001
E14000682,Worthing East & Shoreham,66.04072307507315,31.468195118040803,con,lab,con,con,NA,NA,53.681448210000006
E14001055,Worthing West,69.72204164450486,30.277958355495144,con,lab,con,con,NA,NA,56.01651912
E14000992,"Wrekin, The",66.46345489358893,33.536545106411076,con,lab,con,con,NA,NA,59.322313199999996
W07000044,Wrexham,47.13469238057398,44.576545737950426,con,lab,con,lab,NA,NA,57.57425456000001
E14001056,Wycombe,61.513637512393316,37.364645502439785,con,lab,con,con,NA,NA,48.46191607
E14001057,Wyre & Preston North,66.35199326558836,33.64800673441164,con,lab,con,con,NA,NA,54.198866300000006
E14001058,Wyre Forest,61.409789644012946,24.004854368932037,con,lab,con,con,NA,NA,63.14547474
E14001059,Wythenshawe & Sale East,40.39941751612232,58.428680396643784,con,lab,lab,lab,NA,NA,49.64809917
E14001060,Yeovil,55.89728277097641,44.10271722902359,con,ld,con,ld,NA,NA,59.86554456
W07000041,Ynys Mon,35.83004065738991,33.276069403882495,con,lab,con,lab,con,lab,50.942004159999996
E14001061,York Central,38.3644105124064,18.027560458921492,con,green,con,con,NA,NA,38.8206767
E14001062,York Outer,58.86128786894977,41.13871213105022,con,lab,con,con,NA,NA,44.6677162
E14000683,Yorkshire East,68.47432537856815,30.08541537476746,con,lab,con,con,NA,NA,63.66218474000001
